id;idn_var_compliance_interno;idn_var_processo;idnvar_usuario
1;compressing Tools parsing;incubate Rupee;executive Concrete haptic
2;Metal;transmitting;visualize exploit
3;Salad reintermediate Loan;Wooden;clicks-and-mortar Computer grow
4;Investment;virtual Home value-added;Michigan program Islands,
5;navigating virtual;teal SDD;invoice uniform
6;program Program payment;Kwacha e-tailers Frozen;Dollar parse
7;PCI;Small Product Cedi;Bike Nauru Toys
8;Wooden sky;Analyst;eyeballs
9;channels;Throughway Computers;Handcrafted Chips Persistent
10;indexing;generation payment;Buckinghamshire architecture
