id;idn_var_cliente_externo;n_var_nome;n_var_descricao;idn_var_empresa;idnvar_usuario
1;stable Director;Phased fault-tolerant orchid;Toys mesh withdrawal;Cotton empower Officer;Sudanese capacitor
2;Technician innovate;PCI;calculate;Direct Honduras;Som utilize Senior
3;convergence Interactions;Angola Licensed;Gorgeous Computer Automotive;transitional Lakes;Switzerland protocol capacitor
4;Right-sized;systemic Shoes;leverage Grass-roots Carolina;Zambian applications;feed
5;rich Managed Jewelery;markets Island;Movies;Developer Carolina fuchsia;and experiences
6;Cambridgeshire paradigms;paradigms generating;Jewelery feed compelling;generating;Arkansas
7;Factors primary;back-end;Officer;Account Security;Towels neural
8;Alaska Towels;Sports cross-platform;navigate driver Gibraltar;application;Quality
9;Alaska Tuna workforce;International Horizontal scalable;Quality Liberia e-tailers;West;challenge portal
10;Credit;Chips Wooden Chair;GB bypassing card;Chips;applications
